<?xml version="1.0" encoding="iso-8859-1"?>
<!-- generator="FeedCreator 1.7.2" -->
<opml xmlns:xsd="http://www.w3.org/2001/XMLSchema" xmlns:xsi="http://www.w3.org/2001/XMLSchema-instance">
	<head>
		<title>Joomla! powered Site</title>
	</head>
	<body>
	<outline type="rss"  title="Main Points-Al imran" text="Main Points-Al imran" url="http://islamicsocietyofwichita.com/assafwah/index.php?option=com_content&amp;task=view&amp;id=1&amp;Itemid=2"/>
	<outline type="rss"  title="Tafseer flash 1" text="Tafseer flash 1" url="http://islamicsocietyofwichita.com/assafwah/index.php?option=com_content&amp;task=view&amp;id=2"/>
	<outline type="rss"  title="Tafseer flash 2" text="Tafseer flash 2" url="http://islamicsocietyofwichita.com/assafwah/index.php?option=com_content&amp;task=view&amp;id=3"/>
	<outline type="rss"  title="Tafseer flash 3" text="Tafseer flash 3" url="http://islamicsocietyofwichita.com/assafwah/index.php?option=com_content&amp;task=view&amp;id=4"/>
	</body>
</opml>
