<?xml version="1.0" encoding="iso-8859-1"?>
<!-- generator="FeedCreator 1.7.2" -->
<rss version="0.91">
	<channel>
		<title>Joomla! powered Site</title>
		<description>Joomla! site syndication</description>
		<link>http://islamicsocietyofwichita.com/assafwah</link>
		<lastBuildDate>Thu, 23 Oct 2008 06:24:33 +0100</lastBuildDate>
		<generator>FeedCreator 1.7.2</generator>
		<image>
			<url>http://islamicsocietyofwichita.com/assafwah/images/M_images/joomla_rss.png</url>
			<title>Powered by Joomla!</title>
			<link>http://islamicsocietyofwichita.com/assafwah</link>
			<description>Joomla! site syndication</description>
		</image>
		<item>
			<title>Main Points-Al imran</title>
			<link>http://islamicsocietyofwichita.com/assafwah/index.php?option=com_content&amp;task=view&amp;id=1&amp;Itemid=2</link>
			<description>1.  Why and When was Suraht &amp;ldquo;Aal-Imran&amp;rdquo; reavealed?Revealed to Muslims, over a period of almost two, from the battle of &amp;ldquo;Badr&amp;rdquo;, to teach Muslims NOT to build concepts and expectations (such as that will always be winners in battles, regardless of the extent of preparation), but Allah (SWT) taught them with a practical and painful experience, that winning has prerequisites, reasoning, and preparation requirements. 2. When did the battles of &amp;ldquo;Badr&amp;rdquo; and &amp;ldquo;Uhud&amp;rdquo; took place in history?Badr: Second year of Hijra (migration to Madina)Uhud: Third year of Hijra.3.  Hammering the Iron while red hot is the example given to explain what?The method Allah (SWT) used to teach Muslims the lesson of not building unrealistic expectations without acquiring the proper reasoning by their defeat in Uhud after their great victory in Badr.4.  Banu Qaynuqa&amp;rsquo;a is a tribe in Madina most know for:Their control of more than half the businesses of downtown Medina. Also, they violated the treaty of peace (no aggression) with the Prophet (PBUH) which lead the Prophet to exile/deport them outside Madina5.  The great of Allah .. &amp;ldquo;Al-Qayyoum&amp;rdquo; means:The One Who provides sustenance and support for the existence of all creations, yet, He&amp;rsquo;s The One Who can stand alone with no need for sustenance or support from any.6.  We would be sinners if we ignore the meaning of verse #5 in Suraht &amp;ldquo;Aali-Imran&amp;rdquo;, which means:Nothing whatsoever, in the heavens or on earth, is hidden from Allah (SWT).7.  Implimenting the meaning and understanding of this verse (verse #5 in Aal-Imran) will:Limit people from committing wrong doings and increase the level of piety among humanity, which in turn will develop good communities8.   People who follow those similar ambiguous verses (Mutashabihaat) will cause: confusion, lack of steadfastness, and straying of hearts.</description>
			<category>Tafseer - Al-Imran</category>
			<pubDate>Sat, 12 Jun 2004 11:54:06 +0100</pubDate>
		</item>
		<item>
			<title>Tafseer flash 1</title>
			<link>http://islamicsocietyofwichita.com/assafwah/index.php?option=com_content&amp;task=view&amp;id=2</link>
			<description>Muhammad is no more than a Messenger, and Messengers have passed away before him. </description>
			<category>Tafseer flashes - Tafseerflash</category>
			<pubDate>Mon, 09 Aug 2004 08:30:34 +0100</pubDate>
		</item>
		<item>
			<title>Tafseer flash 2</title>
			<link>http://islamicsocietyofwichita.com/assafwah/index.php?option=com_content&amp;task=view&amp;id=3</link>
			<description>It is not given to any soul to die except with the leave of Allah, and at an appointed time. </description>
			<category>Tafseer flashes - Tafseerflash</category>
			<pubDate>Mon, 09 Aug 2004 08:30:34 +0100</pubDate>
		</item>
		<item>
			<title>Tafseer flash 3</title>
			<link>http://islamicsocietyofwichita.com/assafwah/index.php?option=com_content&amp;task=view&amp;id=4</link>
			<description>Many were the Prophets on whose side a large number of God-devoted men fought: they neither lost heart for all they had to suffer in the way of Allah nor did they weaken nor did they abase themselves.  </description>
			<category>Tafseer flashes - Tafseerflash</category>
			<pubDate>Mon, 09 Aug 2004 08:30:34 +0100</pubDate>
		</item>
	</channel>
</rss>
