<?xml version="1.0" encoding="iso-8859-1"?>
<mosinstall type="component" version="4.5.1">
	<name>Mass Mail</name>
	<author>Joomla! Project</author>
	<creationDate>February 2005</creationDate>
	<copyright>(C) 2005 Open Source Matters. All rights reserved.</copyright>
	<license>http://www.gnu.org/licenses/gpl-2.0.html GNU/GPL</license>
	<authorEmail>admin@joomla.org</authorEmail>
	<authorUrl>www.joomla.org</authorUrl>
	<version>4.5.1</version>
	<description>This component allows you to send a mass email to certain user groups</description>
	<params/>
</mosinstall>
